,Mean,Std
VAL_23-FT-92537-01:X.Value,161806.48630887028,3376.6752488504217
VAL_23-TT-92539:X.Value,124.49213155310153,0.9766496041555099
VAL_23-PT-92539:X.Value,12.697302144934556,0.2474787609092857
VAL_23_ZT_92543:Z.X.Value,38.42742778513768,3.5268427693953117
VAL_23-PT-92523:X.Value,2.896979197950813,0.07789507925653695
VAL_23-PDT-92534:X.Value,103.65209941663318,4.056315020036235
VAL_23_TT_92532:Z.X.Value,32.75868170747411,1.0000590642602123
VAL_23-TIC-92504:Z.X.Value,39.66488168369481,1.0461117106460882
VAL_23_KA_9101_M01_62C:Z.X.Value,9038.091202085663,161.98584695351283
